text,actual,predicted
Prions are unprecedented infectious pathogens that cause a group of rare and inevitably fatal neurodegenerative diseases,Dementia and Mild Cognitive Impairment,Parkinson's Disease
"Coronary arterial calcification predicts coronary events, but although intracranial arterial calcification on CT (CT-IAC",Dementia and Mild Cognitive Impairment,Stroke
Florzolotau (18F) positron emission tomography visualizes three- and four-repeat tau isoforms. We aimed to evaluate corr,Alzheimer's Disease,Dementia and Mild Cognitive Impairment
Alzheimer's disease (AD) and dementia create major global health and economic burdens. Herpes simplex virus (HSV) infect,Alzheimer's Disease,Dementia and Mild Cognitive Impairment
Idiopathic normal pressure hydrocephalus (iNPH) is a condition in the elderly commonly treated with ventriculoperitoneal,Dementia and Mild Cognitive Impairment,Alzheimer's Disease
We evaluated a pragmatic screening strategy combining brief cognitive assessment with plasma phosphorylated tau217 (p-ta,Alzheimer's Disease,Dementia and Mild Cognitive Impairment
Neuropsychiatric symptoms (NPSs) occur in up to 85% of Alzheimer's disease (AD) cases. Current treatments - repurposed f,Dementia and Mild Cognitive Impairment,Alzheimer's Disease
"Cognitive impairment, including dementia, is one of the most important nonmotor symptoms of Parkinson's disease (PD). It",Dementia and Mild Cognitive Impairment,Parkinson's Disease
"Alzheimer's Disease (AD) is a progressive neurodegenerative disorder primarily affecting older adults, characterized by ",Dementia and Mild Cognitive Impairment,Alzheimer's Disease
"Neuroimaging genetics has advanced our understanding of Alzheimer's disease (AD); however, frameworks using functional g",Dementia and Mild Cognitive Impairment,Alzheimer's Disease
Detecting practical biomarkers to facilitate early diagnosis of Alzheimer's disease (AD) before the onset of overt sympt,Dementia and Mild Cognitive Impairment,Alzheimer's Disease
"Alcohol use disorder (AUD) is linked with changes in brain structure and function, with robust evidence for neurodegener",Dementia and Mild Cognitive Impairment,Alzheimer's Disease
"To evaluate the trends, cross-country inequalities, and risk factors associated with Alzheimer's disease and other demen",Alzheimer's Disease,Stroke
"The diagnosis of predementia stages indicates an increased risk of progression to dementia. The Amyloid, Tau, and Neurod",Alzheimer's Disease,Dementia and Mild Cognitive Impairment
"Inflammation contributes to Alzheimer's disease (AD), but its stage-specific and amyloid-dependent patterns remain uncle",Alzheimer's Disease,Dementia and Mild Cognitive Impairment
"Tablet-based Cognitive Assessment Tool (TabCAT) Match, a digital neuropsychological test, was compared to measures of ex",Alzheimer's Disease,Dementia and Mild Cognitive Impairment
Cerebral small vessel disease (CSVD) contributes to the development of Alzheimer's disease (AD) dementia and co-occurs w,Alzheimer's Disease,Dementia and Mild Cognitive Impairment
"Meta-analysis results, based largely among Whites, suggested that fine particulate matter (PM We investigated incidence ",Alzheimer's Disease,Dementia and Mild Cognitive Impairment
"Alzheimer's disease (AD) is a common elderly illness, and the hand movement abilities of patients differ from those of n",Dementia and Mild Cognitive Impairment,Alzheimer's Disease
